id_devis,date_devis,client,type_chantier,departement,surface_m2,montant_ht,statut,marge_estimee_pct,principaux_materiaux,commentaire
DV-202309-075,2023-09-13,Hôtel des Dombes,Logement collectif,01,1908.1,2826459.01,perdu,7.1,"béton, acier, placo","Consultation restreinte. Logement collectif de 1908 m² pour Hôtel des Dombes. Délais d'approvisionnement du béton annoncés à 8 semaines. Non retenu, délai d'exécution jugé trop long."
DV-202309-084,2023-09-14,OPH de l'Ain,Logement collectif,38,1783.5,2999890.42,perdu,3.8,"placo, isolant, béton",Consultation restreinte. Logement collectif de 1784 m² pour OPH de l'Ain. Devis sécurisé par un accord-cadre fournisseur sur l'isolant. Perdu face à un concurrent local mieux implanté.
DV-202309-085,2023-09-14,Communauté de communes de la Plaine de l'Ain,Génie civil,73,641.6,1198462.08,perdu,1.6,"acier, béton","Consultation restreinte. Génie civil de 642 m² pour Communauté de communes de la Plaine de l'Ain. Devis sécurisé par un accord-cadre fournisseur sur le béton. Non retenu, délai d'exécution jugé trop long."
DV-202310-110,2023-10-07,Conseil départemental de l'Ain,Maison individuelle,73,96.8,140150.67,perdu,2.6,"bois, placo, béton",Marché à procédure adaptée (MAPA). Maison individuelle de 97 m² pour Conseil départemental de l'Ain. Clause de révision de prix indexée sur le placo. Perdu face à un concurrent local mieux implanté.
DV-202310-119,2023-10-30,Foncière Léman,Extension / surélévation,38,119.5,257668.53,en cours,3.9,"isolant, bois, placo",Demande de devis directe du client. Extension / surélévation de 120 m² pour Foncière Léman. Délais d'approvisionnement de l'acier annoncés à 8 semaines. En attente de la décision de la commission d'appel d'offres.
DV-202311-081,2023-11-05,Conseil départemental de l'Ain,Génie civil,01,1534.8,4113188.6,perdu,6.4,"béton, acier","Appel d'offres ouvert. Génie civil de 1535 m² pour Conseil départemental de l'Ain. Clause de révision de prix indexée sur l'acier. Non retenu, délai d'exécution jugé trop long."
DV-202311-134,2023-11-13,Foncière Léman,VRD / voirie,69,7114.3,605608.34,gagné,8.7,"enrobé, béton, PVC","Marché à procédure adaptée (MAPA). VRD / voirie de 7114 m² pour Foncière Léman. Prix du béton revu à la hausse entre l'étude et la remise de l'offre. Offre retenue, mieux-disante sur le critère technique."
DV-202311-053,2023-11-17,Communauté de communes de la Plaine de l'Ain,Toiture / couverture,74,787.0,199167.1,en cours,3.6,"bois, isolant, cuivre",Marché négocié après appel d'offres infructueux. Toiture / couverture de 787 m² pour Communauté de communes de la Plaine de l'Ain. Prix du bois revu à la hausse entre l'étude et la remise de l'offre. Analyse des offres en cours par le maître d'ouvrage.
DV-202311-041,2023-11-26,SCI Les Terrasses,Maison individuelle,74,236.1,406418.83,gagné,4.2,"béton, bois, parpaing","Marché à procédure adaptée (MAPA). Maison individuelle de 236 m² pour SCI Les Terrasses. Devis sécurisé par un accord-cadre fournisseur sur l'isolant. Offre retenue, mieux-disante sur le critère technique."
DV-202312-049,2023-12-09,SCI Les Terrasses,Maison individuelle,01,120.5,234127.66,perdu,2.3,"béton, parpaing, bois","Marché négocié après appel d'offres infructueux. Maison individuelle de 120 m² pour SCI Les Terrasses. Forte tension sur le prix du bois au moment du chiffrage. Offre non conforme sur un lot, dossier rejeté."
DV-202312-137,2023-12-12,Grand Lyon Habitat,Réhabilitation lourde,71,321.0,450954.0,perdu,7.0,"placo, PVC, bois",Appel d'offres ouvert. Réhabilitation lourde de 321 m² pour Grand Lyon Habitat. Forte tension sur le prix de la menuiserie au moment du chiffrage. Perdu face à un concurrent local mieux implanté.
DV-202312-070,2023-12-30,OPH de l'Ain,Toiture / couverture,73,836.4,121431.41,perdu,5.3,"bois, cuivre, isolant",Marché à procédure adaptée (MAPA). Toiture / couverture de 836 m² pour OPH de l'Ain. Devis sécurisé par un accord-cadre fournisseur sur le bois. Écarté : offre 6 % au-dessus du moins-disant.
DV-202401-011,2024-01-02,Ville de Bourg-en-Bresse,Réhabilitation lourde,73,1963.7,3864546.01,gagné,10.1,"isolant, placo, menuiserie","Demande de devis directe du client. Réhabilitation lourde de 1964 m² pour Ville de Bourg-en-Bresse. Prix du bois revu à la hausse entre l'étude et la remise de l'offre. Retenu après négociation, remise commerciale de 2 %."
DV-202401-021,2024-01-07,SDIS 01,Bâtiment tertiaire,69,1037.1,1971818.95,en cours,4.1,"acier, isolant, verre",Consultation restreinte. Bâtiment tertiaire de 1037 m² pour SDIS 01. Forte tension sur le prix de l'acier au moment du chiffrage. En attente de la décision de la commission d'appel d'offres.
DV-202401-006,2024-01-12,Coopérative agricole de Bresse,Maison individuelle,01,219.2,327504.54,perdu,4.1,"placo, béton, bois",Marché à procédure adaptée (MAPA). Maison individuelle de 219 m² pour Coopérative agricole de Bresse. Délais d'approvisionnement du placo annoncés à 8 semaines. Écarté : offre 6 % au-dessus du moins-disant.
DV-202401-062,2024-01-20,Hôtel des Dombes,Maison individuelle,01,182.9,353578.56,perdu,3.9,"isolant, béton, placo",Marché à procédure adaptée (MAPA). Maison individuelle de 183 m² pour Hôtel des Dombes. Prix du béton revu à la hausse entre l'étude et la remise de l'offre. Écarté : offre 6 % au-dessus du moins-disant.
DV-202402-044,2024-02-10,OPH de l'Ain,Bâtiment tertiaire,73,762.7,1293521.48,gagné,9.5,"acier, isolant, béton","Marché négocié après appel d'offres infructueux. Bâtiment tertiaire de 763 m² pour OPH de l'Ain. Devis sécurisé par un accord-cadre fournisseur sur le béton. Retenu malgré un prix 3 % au-dessus du moins-disant, grâce aux références."
DV-202402-080,2024-02-14,Communauté de communes de la Plaine de l'Ain,Génie civil,69,1217.1,2882648.15,gagné,6.4,"béton, acier","Appel d'offres ouvert. Génie civil de 1217 m² pour Communauté de communes de la Plaine de l'Ain. Clause de révision de prix indexée sur le béton. Retenu après négociation, remise commerciale de 2 %."
DV-202402-086,2024-02-20,SDIS 01,Génie civil,74,300.5,661771.62,en cours,2.6,"béton, acier",Marché à procédure adaptée (MAPA). Génie civil de 300 m² pour SDIS 01. Clause de révision de prix indexée sur le béton. Négociation en cours sur le poste gros œuvre.
DV-202402-144,2024-02-20,Ville de Bourg-en-Bresse,Toiture / couverture,38,672.5,112261.12,gagné,10.3,"bois, cuivre, isolant",Appel d'offres ouvert. Toiture / couverture de 672 m² pour Ville de Bourg-en-Bresse. Clause de révision de prix indexée sur le cuivre. Marché attribué : meilleur délai d'exécution proposé.
DV-202402-012,2024-02-21,Conseil départemental de l'Ain,Maison individuelle,74,191.0,304189.24,en cours,6.5,"isolant, parpaing, placo",Appel d'offres ouvert. Maison individuelle de 191 m² pour Conseil départemental de l'Ain. Prix du parpaing revu à la hausse entre l'étude et la remise de l'offre. En attente de la décision de la commission d'appel d'offres.
DV-202402-098,2024-02-26,Clinique du Parc,Maison individuelle,74,200.4,330536.17,perdu,6.3,"placo, bois, isolant",Appel d'offres ouvert. Maison individuelle de 200 m² pour Clinique du Parc. Devis sécurisé par un accord-cadre fournisseur sur le parpaing. Écarté : offre 6 % au-dessus du moins-disant.
DV-202403-028,2024-03-04,Ville de Bourg-en-Bresse,Génie civil,74,315.5,760857.71,perdu,10.5,"acier, béton",Marché à procédure adaptée (MAPA). Génie civil de 316 m² pour Ville de Bourg-en-Bresse. Devis sécurisé par un accord-cadre fournisseur sur l'acier. Perdu face à un concurrent local mieux implanté.
DV-202403-124,2024-03-06,SCI Les Terrasses,Maison individuelle,71,214.3,399188.28,perdu,9.5,"parpaing, isolant, béton","Appel d'offres ouvert. Maison individuelle de 214 m² pour SCI Les Terrasses. Prix de l'isolant revu à la hausse entre l'étude et la remise de l'offre. Non retenu, délai d'exécution jugé trop long."
DV-202403-036,2024-03-18,Coopérative agricole de Bresse,Réhabilitation lourde,69,1987.7,3540016.57,perdu,3.2,"bois, isolant, placo","Consultation restreinte. Réhabilitation lourde de 1988 m² pour Coopérative agricole de Bresse. Prix de la menuiserie revu à la hausse entre l'étude et la remise de l'offre. Offre non conforme sur un lot, dossier rejeté."
DV-202403-147,2024-03-29,Conseil départemental de l'Ain,VRD / voirie,74,7669.6,501358.47,perdu,7.6,"béton, PVC, enrobé",Consultation restreinte. VRD / voirie de 7670 m² pour Conseil départemental de l'Ain. Prix du béton revu à la hausse entre l'étude et la remise de l'offre. Perdu face à un concurrent local mieux implanté.
DV-202404-043,2024-04-01,Hôtel des Dombes,Bâtiment tertiaire,69,2538.3,3172996.86,gagné,10.9,"béton, verre, isolant","Marché à procédure adaptée (MAPA). Bâtiment tertiaire de 2538 m² pour Hôtel des Dombes. Forte tension sur le prix de l'acier au moment du chiffrage. Retenu malgré un prix 3 % au-dessus du moins-disant, grâce aux références."
DV-202404-071,2024-04-13,Communauté de communes de la Plaine de l'Ain,VRD / voirie,01,6228.1,437160.1,en cours,7.7,"béton, PVC, enrobé",Marché négocié après appel d'offres infructueux. VRD / voirie de 6228 m² pour Communauté de communes de la Plaine de l'Ain. Devis sécurisé par un accord-cadre fournisseur sur le PVC. Analyse des offres en cours par le maître d'ouvrage.
DV-202404-149,2024-04-13,Lycée du Bugey,Génie civil,74,520.1,1235226.86,gagné,6.2,"béton, acier","Marché négocié après appel d'offres infructueux. Génie civil de 520 m² pour Lycée du Bugey. Clause de révision de prix indexée sur l'acier. Retenu après négociation, remise commerciale de 2 %."
DV-202404-126,2024-04-19,EHPAD Les Cèdres,Maison individuelle,73,230.2,314024.31,perdu,7.3,"isolant, placo, parpaing",Marché négocié après appel d'offres infructueux. Maison individuelle de 230 m² pour EHPAD Les Cèdres. Devis sécurisé par un accord-cadre fournisseur sur le béton. Perdu face à un concurrent local mieux implanté.
DV-202404-063,2024-04-21,Conseil départemental de l'Ain,Logement collectif,73,1521.8,2928208.86,gagné,5.6,"placo, béton, acier","Appel d'offres ouvert. Logement collectif de 1522 m² pour Conseil départemental de l'Ain. Délais d'approvisionnement de l'isolant annoncés à 8 semaines. Retenu malgré un prix 3 % au-dessus du moins-disant, grâce aux références."
DV-202404-128,2024-04-21,Mairie de Meximieux,Bâtiment tertiaire,01,1608.8,2523747.5,en cours,6.6,"acier, béton, verre",Demande de devis directe du client. Bâtiment tertiaire de 1609 m² pour Mairie de Meximieux. Clause de révision de prix indexée sur le béton. En attente de la décision de la commission d'appel d'offres.
DV-202405-020,2024-05-17,Conseil départemental de l'Ain,Extension / surélévation,73,91.1,153339.64,perdu,5.1,"acier, bois, isolant","Consultation restreinte. Extension / surélévation de 91 m² pour Conseil départemental de l'Ain. Délais d'approvisionnement du bois annoncés à 8 semaines. Offre non conforme sur un lot, dossier rejeté."
DV-202405-104,2024-05-18,Hôtel des Dombes,Génie civil,01,2244.7,6096734.31,gagné,9.2,"acier, béton","Demande de devis directe du client. Génie civil de 2245 m² pour Hôtel des Dombes. Prix du béton revu à la hausse entre l'étude et la remise de l'offre. Retenu après négociation, remise commerciale de 2 %."
DV-202405-120,2024-05-19,Ville de Bourg-en-Bresse,Réhabilitation lourde,73,332.4,426497.97,perdu,7.9,"PVC, bois, placo","Consultation restreinte. Réhabilitation lourde de 332 m² pour Ville de Bourg-en-Bresse. Devis sécurisé par un accord-cadre fournisseur sur le placo. Offre non conforme sur un lot, dossier rejeté."
DV-202405-031,2024-05-21,Rhône Habitat Promotion,Génie civil,71,704.7,1791145.27,gagné,12.0,"acier, béton","Demande de devis directe du client. Génie civil de 705 m² pour Rhône Habitat Promotion. Clause de révision de prix indexée sur le béton. Offre retenue, mieux-disante sur le critère technique."
DV-202405-108,2024-05-29,Communauté de communes de la Plaine de l'Ain,Maison individuelle,71,217.1,311064.6,perdu,6.7,"placo, parpaing, isolant","Appel d'offres ouvert. Maison individuelle de 217 m² pour Communauté de communes de la Plaine de l'Ain. Prix du bois revu à la hausse entre l'étude et la remise de l'offre. Offre non conforme sur un lot, dossier rejeté."
DV-202406-141,2024-06-03,OPH de l'Ain,Réhabilitation lourde,69,2436.2,3894256.15,perdu,5.4,"bois, isolant, PVC",Demande de devis directe du client. Réhabilitation lourde de 2436 m² pour OPH de l'Ain. Clause de révision de prix indexée sur le PVC. Perdu face à un concurrent local mieux implanté.
DV-202406-054,2024-06-04,OPH de l'Ain,Réhabilitation lourde,74,1243.0,1864662.99,perdu,9.2,"bois, menuiserie, isolant",Appel d'offres ouvert. Réhabilitation lourde de 1243 m² pour OPH de l'Ain. Clause de révision de prix indexée sur le PVC. Écarté : offre 6 % au-dessus du moins-disant.
DV-202406-094,2024-06-27,Syndicat des eaux Veyle-Ain,VRD / voirie,38,7842.0,458815.43,perdu,3.9,"enrobé, béton, PVC","Marché à procédure adaptée (MAPA). VRD / voirie de 7842 m² pour Syndicat des eaux Veyle-Ain. Forte tension sur le prix du PVC au moment du chiffrage. Offre non conforme sur un lot, dossier rejeté."
DV-202406-023,2024-06-30,Clinique du Parc,VRD / voirie,01,6719.8,521135.12,perdu,9.4,"béton, enrobé, PVC",Marché négocié après appel d'offres infructueux. VRD / voirie de 6720 m² pour Clinique du Parc. Devis sécurisé par un accord-cadre fournisseur sur le PVC. Perdu face à un concurrent local mieux implanté.
DV-202407-027,2024-07-02,Grand Lyon Habitat,Logement collectif,01,2294.0,5256604.52,perdu,5.6,"placo, acier, béton","Demande de devis directe du client. Logement collectif de 2294 m² pour Grand Lyon Habitat. Devis sécurisé par un accord-cadre fournisseur sur le béton. Non retenu, délai d'exécution jugé trop long."
DV-202407-143,2024-07-10,OPH de l'Ain,Bâtiment tertiaire,01,1299.6,2777291.24,perdu,7.6,"verre, béton, isolant","Consultation restreinte. Bâtiment tertiaire de 1300 m² pour OPH de l'Ain. Prix du verre revu à la hausse entre l'étude et la remise de l'offre. Non retenu, délai d'exécution jugé trop long."
DV-202407-002,2024-07-13,OPH de l'Ain,Logement collectif,38,1024.6,2174652.91,perdu,1.0,"PVC, isolant, placo",Consultation restreinte. Logement collectif de 1025 m² pour OPH de l'Ain. Forte tension sur le prix du PVC au moment du chiffrage. Écarté : offre 6 % au-dessus du moins-disant.
DV-202407-034,2024-07-20,Lycée du Bugey,Logement collectif,69,3422.3,5880836.95,perdu,10.0,"acier, béton, isolant",Marché à procédure adaptée (MAPA). Logement collectif de 3422 m² pour Lycée du Bugey. Clause de révision de prix indexée sur le béton. Écarté : offre 6 % au-dessus du moins-disant.
DV-202408-003,2024-08-10,Rhône Habitat Promotion,Bâtiment tertiaire,69,2530.6,5156258.15,perdu,4.7,"verre, acier, béton","Marché négocié après appel d'offres infructueux. Bâtiment tertiaire de 2531 m² pour Rhône Habitat Promotion. Devis sécurisé par un accord-cadre fournisseur sur le béton. Non retenu, délai d'exécution jugé trop long."
DV-202408-067,2024-08-16,SCI Les Terrasses,Réhabilitation lourde,01,2006.0,2919242.44,perdu,10.4,"menuiserie, isolant, bois",Marché à procédure adaptée (MAPA). Réhabilitation lourde de 2006 m² pour SCI Les Terrasses. Prix du PVC revu à la hausse entre l'étude et la remise de l'offre. Écarté : offre 6 % au-dessus du moins-disant.
DV-202408-064,2024-08-23,Communauté de communes de la Plaine de l'Ain,Génie civil,69,1222.8,2758226.37,en cours,2.2,"acier, béton",Demande de devis directe du client. Génie civil de 1223 m² pour Communauté de communes de la Plaine de l'Ain. Forte tension sur le prix du béton au moment du chiffrage. En attente de la décision de la commission d'appel d'offres.
DV-202409-105,2024-09-19,Lycée du Bugey,Génie civil,71,669.3,1835331.46,perdu,11.9,"béton, acier","Marché à procédure adaptée (MAPA). Génie civil de 669 m² pour Lycée du Bugey. Devis sécurisé par un accord-cadre fournisseur sur le béton. Offre non conforme sur un lot, dossier rejeté."
DV-202409-035,2024-09-28,Mairie de Meximieux,Maison individuelle,73,142.1,228144.05,perdu,4.8,"isolant, placo, béton","Demande de devis directe du client. Maison individuelle de 142 m² pour Mairie de Meximieux. Devis sécurisé par un accord-cadre fournisseur sur le bois. Offre non conforme sur un lot, dossier rejeté."
DV-202410-089,2024-10-10,Conseil départemental de l'Ain,Toiture / couverture,74,1791.0,317020.66,en cours,9.1,"bois, cuivre, isolant",Consultation restreinte. Toiture / couverture de 1791 m² pour Conseil départemental de l'Ain. Prix du cuivre revu à la hausse entre l'étude et la remise de l'offre. Négociation en cours sur le poste gros œuvre.
DV-202410-078,2024-10-14,Rhône Habitat Promotion,Logement collectif,71,1551.6,3063546.11,gagné,8.0,"béton, PVC, isolant","Marché à procédure adaptée (MAPA). Logement collectif de 1552 m² pour Rhône Habitat Promotion. Délais d'approvisionnement de l'acier annoncés à 8 semaines. Retenu malgré un prix 3 % au-dessus du moins-disant, grâce aux références."
DV-202410-092,2024-10-16,Conseil départemental de l'Ain,Extension / surélévation,01,144.6,289623.74,gagné,8.2,"bois, acier, isolant","Demande de devis directe du client. Extension / surélévation de 145 m² pour Conseil départemental de l'Ain. Devis sécurisé par un accord-cadre fournisseur sur le placo. Retenu malgré un prix 3 % au-dessus du moins-disant, grâce aux références."
DV-202410-022,2024-10-18,Mairie de Meximieux,Bâtiment tertiaire,69,1425.5,2346480.28,perdu,4.4,"béton, acier, isolant","Appel d'offres ouvert. Bâtiment tertiaire de 1426 m² pour Mairie de Meximieux. Clause de révision de prix indexée sur le béton. Offre non conforme sur un lot, dossier rejeté."
DV-202410-032,2024-10-27,Syndicat des eaux Veyle-Ain,Logement collectif,69,2949.6,4875406.85,gagné,7.5,"placo, isolant, acier","Demande de devis directe du client. Logement collectif de 2950 m² pour Syndicat des eaux Veyle-Ain. Forte tension sur le prix du béton au moment du chiffrage. Offre retenue, mieux-disante sur le critère technique."
DV-202411-052,2024-11-06,Clinique du Parc,Génie civil,69,2190.1,5495297.38,gagné,9.2,"béton, acier","Appel d'offres ouvert. Génie civil de 2190 m² pour Clinique du Parc. Délais d'approvisionnement de l'acier annoncés à 8 semaines. Retenu après négociation, remise commerciale de 2 %."
DV-202411-016,2024-11-18,OPH de l'Ain,Extension / surélévation,01,68.6,157262.91,gagné,7.8,"bois, acier, placo","Marché négocié après appel d'offres infructueux. Extension / surélévation de 69 m² pour OPH de l'Ain. Délais d'approvisionnement de l'acier annoncés à 8 semaines. Retenu malgré un prix 3 % au-dessus du moins-disant, grâce aux références."
DV-202411-093,2024-11-19,Hôtel des Dombes,Logement collectif,74,3206.2,4539678.33,en cours,5.3,"PVC, placo, isolant",Appel d'offres ouvert. Logement collectif de 3206 m² pour Hôtel des Dombes. Devis sécurisé par un accord-cadre fournisseur sur l'isolant. Négociation en cours sur le poste gros œuvre.
DV-202412-100,2024-12-02,Lycée du Bugey,Bâtiment tertiaire,73,2581.6,3804614.35,perdu,5.5,"isolant, verre, acier",Consultation restreinte. Bâtiment tertiaire de 2582 m² pour Lycée du Bugey. Délais d'approvisionnement du béton annoncés à 8 semaines. Écarté : offre 6 % au-dessus du moins-disant.
DV-202412-039,2024-12-08,Coopérative agricole de Bresse,Toiture / couverture,38,1794.4,340937.31,perdu,6.7,"bois, cuivre, isolant","Marché négocié après appel d'offres infructueux. Toiture / couverture de 1794 m² pour Coopérative agricole de Bresse. Devis sécurisé par un accord-cadre fournisseur sur le bois. Non retenu, délai d'exécution jugé trop long."
DV-202412-017,2024-12-16,Mairie de Meximieux,VRD / voirie,01,7999.3,983611.66,gagné,6.8,"PVC, béton, enrobé","Appel d'offres ouvert. VRD / voirie de 7999 m² pour Mairie de Meximieux. Forte tension sur le prix du béton au moment du chiffrage. Retenu malgré un prix 3 % au-dessus du moins-disant, grâce aux références."
DV-202412-024,2024-12-20,Hôtel des Dombes,Toiture / couverture,73,265.5,53428.6,gagné,11.8,"cuivre, isolant, bois","Marché à procédure adaptée (MAPA). Toiture / couverture de 266 m² pour Hôtel des Dombes. Clause de révision de prix indexée sur le cuivre. Retenu malgré un prix 3 % au-dessus du moins-disant, grâce aux références."
DV-202412-131,2024-12-20,Conseil départemental de l'Ain,Extension / surélévation,73,92.7,225998.31,perdu,3.8,"placo, bois, acier",Demande de devis directe du client. Extension / surélévation de 93 m² pour Conseil départemental de l'Ain. Devis sécurisé par un accord-cadre fournisseur sur l'acier. Perdu face à un concurrent local mieux implanté.
DV-202412-099,2024-12-21,Rhône Habitat Promotion,Génie civil,71,597.1,1821399.79,gagné,11.3,"béton, acier","Appel d'offres ouvert. Génie civil de 597 m² pour Rhône Habitat Promotion. Devis sécurisé par un accord-cadre fournisseur sur le béton. Retenu malgré un prix 3 % au-dessus du moins-disant, grâce aux références."
DV-202412-095,2024-12-30,Hôtel des Dombes,Logement collectif,74,2207.1,3999716.57,gagné,10.9,"placo, PVC, béton",Demande de devis directe du client. Logement collectif de 2207 m² pour Hôtel des Dombes. Forte tension sur le prix de l'isolant au moment du chiffrage. Marché attribué : meilleur délai d'exécution proposé.
DV-202501-038,2025-01-02,SDIS 01,Génie civil,69,1476.9,3239423.61,perdu,6.0,"acier, béton",Demande de devis directe du client. Génie civil de 1477 m² pour SDIS 01. Clause de révision de prix indexée sur l'acier. Perdu face à un concurrent local mieux implanté.
DV-202501-050,2025-01-07,Coopérative agricole de Bresse,Logement collectif,69,1486.5,3057373.2,en cours,5.5,"placo, PVC, acier",Marché négocié après appel d'offres infructueux. Logement collectif de 1486 m² pour Coopérative agricole de Bresse. Devis sécurisé par un accord-cadre fournisseur sur le placo. Négociation en cours sur le poste gros œuvre.
DV-202501-045,2025-01-13,Foncière Léman,Extension / surélévation,73,155.7,258067.45,perdu,11.2,"bois, acier, isolant","Marché négocié après appel d'offres infructueux. Extension / surélévation de 156 m² pour Foncière Léman. Clause de révision de prix indexée sur l'isolant. Offre non conforme sur un lot, dossier rejeté."
DV-202501-082,2025-01-25,Lycée du Bugey,Maison individuelle,01,127.2,204357.13,perdu,8.1,"isolant, bois, placo",Appel d'offres ouvert. Maison individuelle de 127 m² pour Lycée du Bugey. Délais d'approvisionnement du bois annoncés à 8 semaines. Écarté : offre 6 % au-dessus du moins-disant.
DV-202502-001,2025-02-04,Mairie de Meximieux,Bâtiment tertiaire,38,2362.3,4519944.29,perdu,1.0,"acier, verre, isolant",Consultation restreinte. Bâtiment tertiaire de 2362 m² pour Mairie de Meximieux. Devis sécurisé par un accord-cadre fournisseur sur le verre. Perdu face à un concurrent local mieux implanté.
DV-202502-051,2025-02-08,Ville de Bourg-en-Bresse,Bâtiment tertiaire,01,2969.5,5288753.36,en cours,5.1,"verre, isolant, acier",Marché à procédure adaptée (MAPA). Bâtiment tertiaire de 2970 m² pour Ville de Bourg-en-Bresse. Clause de révision de prix indexée sur le verre. En attente de la décision de la commission d'appel d'offres.
DV-202502-102,2025-02-11,Conseil départemental de l'Ain,VRD / voirie,71,8451.8,812062.1,gagné,11.5,"PVC, béton, enrobé","Consultation restreinte. VRD / voirie de 8452 m² pour Conseil départemental de l'Ain. Clause de révision de prix indexée sur le PVC. Retenu malgré un prix 3 % au-dessus du moins-disant, grâce aux références."
DV-202502-115,2025-02-13,Hôtel des Dombes,Bâtiment tertiaire,73,2286.2,3979144.78,perdu,2.3,"béton, verre, acier",Consultation restreinte. Bâtiment tertiaire de 2286 m² pour Hôtel des Dombes. Délais d'approvisionnement du verre annoncés à 8 semaines. Écarté : offre 6 % au-dessus du moins-disant.
DV-202502-060,2025-02-15,Rhône Habitat Promotion,VRD / voirie,38,6878.8,556698.71,perdu,10.1,"béton, PVC, enrobé","Demande de devis directe du client. VRD / voirie de 6879 m² pour Rhône Habitat Promotion. Forte tension sur le prix de l'enrobé au moment du chiffrage. Non retenu, délai d'exécution jugé trop long."
DV-202502-029,2025-02-17,Syndicat des eaux Veyle-Ain,Génie civil,01,1641.5,3924698.03,gagné,8.7,"acier, béton","Consultation restreinte. Génie civil de 1642 m² pour Syndicat des eaux Veyle-Ain. Prix du béton revu à la hausse entre l'étude et la remise de l'offre. Retenu malgré un prix 3 % au-dessus du moins-disant, grâce aux références."
DV-202502-116,2025-02-17,Conseil départemental de l'Ain,Extension / surélévation,69,173.7,441373.38,gagné,10.1,"bois, isolant, placo","Marché négocié après appel d'offres infructueux. Extension / surélévation de 174 m² pour Conseil départemental de l'Ain. Devis sécurisé par un accord-cadre fournisseur sur le bois. Retenu malgré un prix 3 % au-dessus du moins-disant, grâce aux références."
DV-202502-121,2025-02-27,Syndicat des eaux Veyle-Ain,VRD / voirie,38,8460.9,570325.04,perdu,10.4,"béton, enrobé, PVC",Consultation restreinte. VRD / voirie de 8461 m² pour Syndicat des eaux Veyle-Ain. Forte tension sur le prix du PVC au moment du chiffrage. Écarté : offre 6 % au-dessus du moins-disant.
DV-202503-114,2025-03-04,Grand Lyon Habitat,Génie civil,69,2297.9,5494382.0,perdu,5.7,"béton, acier",Consultation restreinte. Génie civil de 2298 m² pour Grand Lyon Habitat. Délais d'approvisionnement de l'acier annoncés à 8 semaines. Perdu face à un concurrent local mieux implanté.
DV-202503-007,2025-03-06,Rhône Habitat Promotion,Extension / surélévation,71,100.9,155501.54,en cours,4.8,"bois, isolant, acier",Consultation restreinte. Extension / surélévation de 101 m² pour Rhône Habitat Promotion. Délais d'approvisionnement de l'acier annoncés à 8 semaines. Analyse des offres en cours par le maître d'ouvrage.
DV-202503-005,2025-03-07,Ville de Bourg-en-Bresse,Toiture / couverture,69,1609.7,315319.61,gagné,8.0,"cuivre, isolant, bois","Marché négocié après appel d'offres infructueux. Toiture / couverture de 1610 m² pour Ville de Bourg-en-Bresse. Prix du bois revu à la hausse entre l'étude et la remise de l'offre. Offre retenue, mieux-disante sur le critère technique."
DV-202503-037,2025-03-16,Syndicat des eaux Veyle-Ain,VRD / voirie,71,841.1,96043.64,gagné,8.2,"béton, PVC, enrobé","Appel d'offres ouvert. VRD / voirie de 841 m² pour Syndicat des eaux Veyle-Ain. Devis sécurisé par un accord-cadre fournisseur sur l'enrobé. Retenu après négociation, remise commerciale de 2 %."
DV-202503-018,2025-03-31,Communauté de communes de la Plaine de l'Ain,Extension / surélévation,69,79.4,145540.47,perdu,8.6,"bois, isolant, acier","Appel d'offres ouvert. Extension / surélévation de 79 m² pour Communauté de communes de la Plaine de l'Ain. Délais d'approvisionnement du bois annoncés à 8 semaines. Non retenu, délai d'exécution jugé trop long."
DV-202504-106,2025-04-06,Rhône Habitat Promotion,Logement collectif,01,1636.2,2935194.22,gagné,5.9,"isolant, PVC, béton","Marché négocié après appel d'offres infructueux. Logement collectif de 1636 m² pour Rhône Habitat Promotion. Prix du placo revu à la hausse entre l'étude et la remise de l'offre. Retenu après négociation, remise commerciale de 2 %."
DV-202504-146,2025-04-09,Grand Lyon Habitat,Réhabilitation lourde,01,445.5,597695.39,perdu,8.5,"PVC, isolant, menuiserie","Marché à procédure adaptée (MAPA). Réhabilitation lourde de 446 m² pour Grand Lyon Habitat. Forte tension sur le prix de l'isolant au moment du chiffrage. Offre non conforme sur un lot, dossier rejeté."
DV-202504-065,2025-04-16,Conseil départemental de l'Ain,Bâtiment tertiaire,69,2143.0,3847280.55,perdu,11.3,"acier, béton, verre",Marché à procédure adaptée (MAPA). Bâtiment tertiaire de 2143 m² pour Conseil départemental de l'Ain. Devis sécurisé par un accord-cadre fournisseur sur l'acier. Écarté : offre 6 % au-dessus du moins-disant.
DV-202504-145,2025-04-17,Rhône Habitat Promotion,Toiture / couverture,01,170.4,27572.96,perdu,7.9,"cuivre, isolant, bois","Marché à procédure adaptée (MAPA). Toiture / couverture de 170 m² pour Rhône Habitat Promotion. Délais d'approvisionnement de l'isolant annoncés à 8 semaines. Offre non conforme sur un lot, dossier rejeté."
DV-202504-112,2025-04-18,Communauté de communes de la Plaine de l'Ain,Maison individuelle,01,177.5,236614.24,perdu,7.4,"placo, béton, isolant","Marché à procédure adaptée (MAPA). Maison individuelle de 178 m² pour Communauté de communes de la Plaine de l'Ain. Prix de l'isolant revu à la hausse entre l'étude et la remise de l'offre. Non retenu, délai d'exécution jugé trop long."
DV-202504-107,2025-04-21,Clinique du Parc,Extension / surélévation,69,109.6,186818.94,perdu,9.3,"isolant, bois, placo",Marché négocié après appel d'offres infructueux. Extension / surélévation de 110 m² pour Clinique du Parc. Prix du placo revu à la hausse entre l'étude et la remise de l'offre. Perdu face à un concurrent local mieux implanté.
DV-202504-008,2025-04-24,Communauté de communes de la Plaine de l'Ain,Maison individuelle,74,179.8,295757.27,gagné,14.4,"parpaing, béton, isolant","Marché négocié après appel d'offres infructueux. Maison individuelle de 180 m² pour Communauté de communes de la Plaine de l'Ain. Devis sécurisé par un accord-cadre fournisseur sur le béton. Retenu malgré un prix 3 % au-dessus du moins-disant, grâce aux références."
DV-202504-033,2025-04-26,Conseil départemental de l'Ain,VRD / voirie,74,2483.5,120227.39,perdu,7.9,"béton, enrobé, PVC","Marché à procédure adaptée (MAPA). VRD / voirie de 2484 m² pour Conseil départemental de l'Ain. Délais d'approvisionnement du PVC annoncés à 8 semaines. Non retenu, délai d'exécution jugé trop long."
DV-202504-090,2025-04-26,Ville de Bourg-en-Bresse,Maison individuelle,01,225.9,390024.14,perdu,6.6,"placo, isolant, béton",Marché négocié après appel d'offres infructueux. Maison individuelle de 226 m² pour Ville de Bourg-en-Bresse. Clause de révision de prix indexée sur l'isolant. Écarté : offre 6 % au-dessus du moins-disant.
DV-202505-015,2025-05-03,Lycée du Bugey,Maison individuelle,01,234.1,341265.42,perdu,6.7,"béton, parpaing, bois",Appel d'offres ouvert. Maison individuelle de 234 m² pour Lycée du Bugey. Prix du placo revu à la hausse entre l'étude et la remise de l'offre. Perdu face à un concurrent local mieux implanté.
DV-202505-026,2025-05-03,Hôtel des Dombes,Génie civil,01,2025.6,5682979.23,perdu,5.5,"béton, acier","Appel d'offres ouvert. Génie civil de 2026 m² pour Hôtel des Dombes. Devis sécurisé par un accord-cadre fournisseur sur le béton. Offre non conforme sur un lot, dossier rejeté."
DV-202505-076,2025-05-13,EHPAD Les Cèdres,Réhabilitation lourde,01,2057.6,2631915.15,perdu,5.1,"placo, menuiserie, bois",Appel d'offres ouvert. Réhabilitation lourde de 2058 m² pour EHPAD Les Cèdres. Prix de la menuiserie revu à la hausse entre l'étude et la remise de l'offre. Écarté : offre 6 % au-dessus du moins-disant.
DV-202505-127,2025-05-28,Mairie de Meximieux,Logement collectif,71,1324.7,2558239.42,perdu,1.0,"béton, isolant, acier","Marché négocié après appel d'offres infructueux. Logement collectif de 1325 m² pour Mairie de Meximieux. Prix du placo revu à la hausse entre l'étude et la remise de l'offre. Non retenu, délai d'exécution jugé trop long."
DV-202505-088,2025-05-30,Foncière Léman,Logement collectif,01,1697.7,3475065.18,en cours,8.4,"isolant, béton, acier",Marché négocié après appel d'offres infructueux. Logement collectif de 1698 m² pour Foncière Léman. Délais d'approvisionnement du placo annoncés à 8 semaines. Analyse des offres en cours par le maître d'ouvrage.
DV-202506-123,2025-06-06,SDIS 01,VRD / voirie,71,4093.1,404674.48,perdu,4.0,"PVC, enrobé, béton",Marché à procédure adaptée (MAPA). VRD / voirie de 4093 m² pour SDIS 01. Forte tension sur le prix du PVC au moment du chiffrage. Écarté : offre 6 % au-dessus du moins-disant.
DV-202506-014,2025-06-08,Communauté de communes de la Plaine de l'Ain,Toiture / couverture,01,1299.4,346307.08,perdu,4.6,"cuivre, bois, isolant","Marché négocié après appel d'offres infructueux. Toiture / couverture de 1299 m² pour Communauté de communes de la Plaine de l'Ain. Prix du bois revu à la hausse entre l'étude et la remise de l'offre. Non retenu, délai d'exécution jugé trop long."
DV-202506-013,2025-06-16,Lycée du Bugey,Logement collectif,01,877.1,1816339.62,perdu,8.4,"béton, acier, placo",Marché à procédure adaptée (MAPA). Logement collectif de 877 m² pour Lycée du Bugey. Prix du placo revu à la hausse entre l'étude et la remise de l'offre. Perdu face à un concurrent local mieux implanté.
DV-202506-009,2025-06-20,Clinique du Parc,Génie civil,38,2377.8,4847338.7,perdu,6.0,"acier, béton",Marché négocié après appel d'offres infructueux. Génie civil de 2378 m² pour Clinique du Parc. Prix de l'acier revu à la hausse entre l'étude et la remise de l'offre. Écarté : offre 6 % au-dessus du moins-disant.
DV-202506-133,2025-06-20,Clinique du Parc,Génie civil,69,680.4,2161618.55,en cours,5.2,"béton, acier",Demande de devis directe du client. Génie civil de 680 m² pour Clinique du Parc. Devis sécurisé par un accord-cadre fournisseur sur le béton. En attente de la décision de la commission d'appel d'offres.
DV-202507-148,2025-07-14,Rhône Habitat Promotion,Extension / surélévation,69,142.9,341465.95,gagné,9.6,"bois, isolant, acier","Marché à procédure adaptée (MAPA). Extension / surélévation de 143 m² pour Rhône Habitat Promotion. Forte tension sur le prix du placo au moment du chiffrage. Retenu après négociation, remise commerciale de 2 %."
DV-202507-135,2025-07-22,Syndicat des eaux Veyle-Ain,Bâtiment tertiaire,74,2436.7,4606608.08,gagné,12.6,"acier, isolant, béton","Marché à procédure adaptée (MAPA). Bâtiment tertiaire de 2437 m² pour Syndicat des eaux Veyle-Ain. Prix du verre revu à la hausse entre l'étude et la remise de l'offre. Retenu après négociation, remise commerciale de 2 %."
DV-202507-040,2025-07-26,Hôtel des Dombes,Bâtiment tertiaire,69,2428.9,3694774.22,perdu,1.0,"acier, isolant, béton",Marché négocié après appel d'offres infructueux. Bâtiment tertiaire de 2429 m² pour Hôtel des Dombes. Devis sécurisé par un accord-cadre fournisseur sur le béton. Perdu face à un concurrent local mieux implanté.
DV-202508-101,2025-08-20,Conseil départemental de l'Ain,Génie civil,01,1271.4,3328305.65,perdu,5.7,"acier, béton","Marché à procédure adaptée (MAPA). Génie civil de 1271 m² pour Conseil départemental de l'Ain. Devis sécurisé par un accord-cadre fournisseur sur le béton. Non retenu, délai d'exécution jugé trop long."
DV-202509-118,2025-09-03,Ville de Bourg-en-Bresse,Extension / surélévation,74,130.4,287663.17,perdu,12.6,"acier, bois, placo",Marché à procédure adaptée (MAPA). Extension / surélévation de 130 m² pour Ville de Bourg-en-Bresse. Forte tension sur le prix de l'acier au moment du chiffrage. Écarté : offre 6 % au-dessus du moins-disant.
DV-202509-130,2025-09-03,Ville de Bourg-en-Bresse,Extension / surélévation,73,162.7,329316.98,perdu,2.4,"placo, bois, acier","Demande de devis directe du client. Extension / surélévation de 163 m² pour Ville de Bourg-en-Bresse. Prix de l'isolant revu à la hausse entre l'étude et la remise de l'offre. Non retenu, délai d'exécution jugé trop long."
DV-202509-087,2025-09-30,Clinique du Parc,Génie civil,01,1969.7,6205031.39,gagné,5.8,"béton, acier","Marché à procédure adaptée (MAPA). Génie civil de 1970 m² pour Clinique du Parc. Clause de révision de prix indexée sur l'acier. Offre retenue, mieux-disante sur le critère technique."
DV-202510-057,2025-10-08,OPH de l'Ain,Extension / surélévation,73,133.4,352708.98,gagné,7.2,"placo, acier, isolant","Demande de devis directe du client. Extension / surélévation de 133 m² pour OPH de l'Ain. Délais d'approvisionnement de l'isolant annoncés à 8 semaines. Retenu malgré un prix 3 % au-dessus du moins-disant, grâce aux références."
DV-202510-083,2025-10-24,Syndicat des eaux Veyle-Ain,Toiture / couverture,69,618.8,143151.16,en cours,8.9,"bois, cuivre, isolant",Demande de devis directe du client. Toiture / couverture de 619 m² pour Syndicat des eaux Veyle-Ain. Devis sécurisé par un accord-cadre fournisseur sur le cuivre. En attente de la décision de la commission d'appel d'offres.
DV-202511-117,2025-11-19,Mairie de Meximieux,Maison individuelle,74,105.0,160369.64,perdu,4.4,"placo, parpaing, isolant",Consultation restreinte. Maison individuelle de 105 m² pour Mairie de Meximieux. Délais d'approvisionnement de l'isolant annoncés à 8 semaines. Perdu face à un concurrent local mieux implanté.
DV-202511-059,2025-11-20,SCI Les Terrasses,Bâtiment tertiaire,01,2128.0,4101443.52,perdu,11.0,"béton, acier, verre",Consultation restreinte. Bâtiment tertiaire de 2128 m² pour SCI Les Terrasses. Forte tension sur le prix du verre au moment du chiffrage. Perdu face à un concurrent local mieux implanté.
DV-202512-061,2025-12-17,Foncière Léman,Bâtiment tertiaire,73,2787.4,4135933.31,gagné,8.3,"verre, isolant, acier","Appel d'offres ouvert. Bâtiment tertiaire de 2787 m² pour Foncière Léman. Devis sécurisé par un accord-cadre fournisseur sur le verre. Retenu après négociation, remise commerciale de 2 %."
DV-202512-122,2025-12-30,Hôtel des Dombes,Génie civil,69,905.7,2206111.11,en cours,5.8,"acier, béton",Demande de devis directe du client. Génie civil de 906 m² pour Hôtel des Dombes. Devis sécurisé par un accord-cadre fournisseur sur le béton. Négociation en cours sur le poste gros œuvre.
DV-202601-077,2026-01-04,Lycée du Bugey,VRD / voirie,74,5436.4,575568.23,gagné,9.7,"enrobé, béton, PVC","Marché à procédure adaptée (MAPA). VRD / voirie de 5436 m² pour Lycée du Bugey. Forte tension sur le prix du PVC au moment du chiffrage. Retenu après négociation, remise commerciale de 2 %."
DV-202601-019,2026-01-10,OPH de l'Ain,Extension / surélévation,38,62.6,123677.84,perdu,3.7,"acier, isolant, bois",Demande de devis directe du client. Extension / surélévation de 63 m² pour OPH de l'Ain. Devis sécurisé par un accord-cadre fournisseur sur l'acier. Écarté : offre 6 % au-dessus du moins-disant.
DV-202601-111,2026-01-15,Ville de Bourg-en-Bresse,Génie civil,74,1830.1,3277430.13,gagné,10.1,"acier, béton","Marché négocié après appel d'offres infructueux. Génie civil de 1830 m² pour Ville de Bourg-en-Bresse. Clause de révision de prix indexée sur l'acier. Retenu malgré un prix 3 % au-dessus du moins-disant, grâce aux références."
DV-202601-047,2026-01-25,Rhône Habitat Promotion,Génie civil,74,2428.8,6206005.46,gagné,10.3,"acier, béton","Demande de devis directe du client. Génie civil de 2429 m² pour Rhône Habitat Promotion. Clause de révision de prix indexée sur l'acier. Offre retenue, mieux-disante sur le critère technique."
DV-202602-055,2026-02-03,Foncière Léman,Bâtiment tertiaire,01,2111.9,4134594.61,gagné,8.5,"acier, verre, isolant",Marché à procédure adaptée (MAPA). Bâtiment tertiaire de 2112 m² pour Foncière Léman. Forte tension sur le prix du béton au moment du chiffrage. Marché attribué : meilleur délai d'exécution proposé.
DV-202602-069,2026-02-05,SCI Les Terrasses,Toiture / couverture,74,1791.1,337774.21,perdu,3.3,"cuivre, bois, isolant","Demande de devis directe du client. Toiture / couverture de 1791 m² pour SCI Les Terrasses. Délais d'approvisionnement du bois annoncés à 8 semaines. Offre non conforme sur un lot, dossier rejeté."
DV-202602-109,2026-02-10,Lycée du Bugey,Extension / surélévation,01,155.5,360115.66,gagné,6.1,"isolant, acier, placo","Marché négocié après appel d'offres infructueux. Extension / surélévation de 156 m² pour Lycée du Bugey. Clause de révision de prix indexée sur l'acier. Retenu après négociation, remise commerciale de 2 %."
DV-202602-138,2026-02-11,Conseil départemental de l'Ain,Extension / surélévation,38,42.4,119790.66,perdu,7.7,"acier, bois, placo",Demande de devis directe du client. Extension / surélévation de 42 m² pour Conseil départemental de l'Ain. Forte tension sur le prix de l'isolant au moment du chiffrage. Perdu face à un concurrent local mieux implanté.
DV-202603-000,2026-03-02,Ville de Bourg-en-Bresse,Logement collectif,69,787.5,1409648.86,perdu,3.7,"béton, PVC, placo",Marché négocié après appel d'offres infructueux. Logement collectif de 788 m² pour Ville de Bourg-en-Bresse. Clause de révision de prix indexée sur l'acier. Écarté : offre 6 % au-dessus du moins-disant.
DV-202603-091,2026-03-05,EHPAD Les Cèdres,Bâtiment tertiaire,73,2369.7,3796813.76,gagné,10.5,"béton, verre, isolant",Appel d'offres ouvert. Bâtiment tertiaire de 2370 m² pour EHPAD Les Cèdres. Prix de l'isolant revu à la hausse entre l'étude et la remise de l'offre. Marché attribué : meilleur délai d'exécution proposé.
DV-202603-068,2026-03-15,Syndicat des eaux Veyle-Ain,Maison individuelle,01,239.8,457586.98,gagné,8.2,"placo, parpaing, béton",Marché négocié après appel d'offres infructueux. Maison individuelle de 240 m² pour Syndicat des eaux Veyle-Ain. Clause de révision de prix indexée sur le bois. Marché attribué : meilleur délai d'exécution proposé.
DV-202603-139,2026-03-15,Communauté de communes de la Plaine de l'Ain,Toiture / couverture,73,907.3,125469.82,gagné,8.2,"bois, isolant, cuivre","Demande de devis directe du client. Toiture / couverture de 907 m² pour Communauté de communes de la Plaine de l'Ain. Forte tension sur le prix du cuivre au moment du chiffrage. Offre retenue, mieux-disante sur le critère technique."
DV-202603-056,2026-03-19,Lycée du Bugey,VRD / voirie,01,3748.7,257510.02,perdu,7.0,"PVC, enrobé, béton","Demande de devis directe du client. VRD / voirie de 3749 m² pour Lycée du Bugey. Délais d'approvisionnement de l'enrobé annoncés à 8 semaines. Offre non conforme sur un lot, dossier rejeté."
DV-202603-097,2026-03-23,Conseil départemental de l'Ain,Toiture / couverture,38,1716.6,309014.08,perdu,2.2,"cuivre, isolant, bois",Marché à procédure adaptée (MAPA). Toiture / couverture de 1717 m² pour Conseil départemental de l'Ain. Devis sécurisé par un accord-cadre fournisseur sur le cuivre. Écarté : offre 6 % au-dessus du moins-disant.
DV-202603-142,2026-03-25,Syndicat des eaux Veyle-Ain,Toiture / couverture,01,1396.8,301451.03,en cours,9.5,"cuivre, isolant, bois",Marché à procédure adaptée (MAPA). Toiture / couverture de 1397 m² pour Syndicat des eaux Veyle-Ain. Prix du cuivre revu à la hausse entre l'étude et la remise de l'offre. Négociation en cours sur le poste gros œuvre.
DV-202603-079,2026-03-26,Rhône Habitat Promotion,Bâtiment tertiaire,38,553.3,897432.05,gagné,11.5,"isolant, acier, verre","Consultation restreinte. Bâtiment tertiaire de 553 m² pour Rhône Habitat Promotion. Prix du verre revu à la hausse entre l'étude et la remise de l'offre. Offre retenue, mieux-disante sur le critère technique."
DV-202604-113,2026-04-22,Conseil départemental de l'Ain,Toiture / couverture,74,1289.3,208055.61,en cours,5.1,"cuivre, bois, isolant",Demande de devis directe du client. Toiture / couverture de 1289 m² pour Conseil départemental de l'Ain. Délais d'approvisionnement du cuivre annoncés à 8 semaines. Analyse des offres en cours par le maître d'ouvrage.
DV-202604-010,2026-04-29,SDIS 01,Bâtiment tertiaire,01,912.9,1443804.49,gagné,9.2,"béton, isolant, acier","Marché à procédure adaptée (MAPA). Bâtiment tertiaire de 913 m² pour SDIS 01. Prix de l'acier revu à la hausse entre l'étude et la remise de l'offre. Retenu malgré un prix 3 % au-dessus du moins-disant, grâce aux références."
DV-202604-136,2026-04-29,Communauté de communes de la Plaine de l'Ain,Génie civil,01,586.9,1723642.64,perdu,1.0,"béton, acier",Consultation restreinte. Génie civil de 587 m² pour Communauté de communes de la Plaine de l'Ain. Devis sécurisé par un accord-cadre fournisseur sur l'acier. Écarté : offre 6 % au-dessus du moins-disant.
DV-202605-129,2026-05-04,Conseil départemental de l'Ain,Maison individuelle,38,126.7,171999.25,perdu,5.7,"placo, bois, béton","Marché négocié après appel d'offres infructueux. Maison individuelle de 127 m² pour Conseil départemental de l'Ain. Délais d'approvisionnement du placo annoncés à 8 semaines. Non retenu, délai d'exécution jugé trop long."
DV-202605-042,2026-05-10,Conseil départemental de l'Ain,Extension / surélévation,01,171.7,346896.17,gagné,12.8,"acier, isolant, placo","Appel d'offres ouvert. Extension / surélévation de 172 m² pour Conseil départemental de l'Ain. Clause de révision de prix indexée sur l'acier. Retenu après négociation, remise commerciale de 2 %."
DV-202605-132,2026-05-14,Coopérative agricole de Bresse,Bâtiment tertiaire,01,1224.3,1759659.84,gagné,3.5,"isolant, verre, béton","Marché négocié après appel d'offres infructueux. Bâtiment tertiaire de 1224 m² pour Coopérative agricole de Bresse. Clause de révision de prix indexée sur l'acier. Retenu malgré un prix 3 % au-dessus du moins-disant, grâce aux références."
DV-202605-074,2026-05-18,OPH de l'Ain,Extension / surélévation,74,141.0,360825.42,gagné,10.7,"isolant, acier, placo","Demande de devis directe du client. Extension / surélévation de 141 m² pour OPH de l'Ain. Délais d'approvisionnement du placo annoncés à 8 semaines. Retenu malgré un prix 3 % au-dessus du moins-disant, grâce aux références."
DV-202606-140,2026-06-01,SDIS 01,Réhabilitation lourde,01,490.2,990614.14,gagné,17.0,"isolant, menuiserie, PVC","Marché à procédure adaptée (MAPA). Réhabilitation lourde de 490 m² pour SDIS 01. Clause de révision de prix indexée sur le placo. Offre retenue, mieux-disante sur le critère technique."
DV-202606-103,2026-06-04,Mairie de Meximieux,Réhabilitation lourde,69,1815.1,3137724.96,perdu,13.6,"placo, PVC, bois",Marché négocié après appel d'offres infructueux. Réhabilitation lourde de 1815 m² pour Mairie de Meximieux. Prix de l'isolant revu à la hausse entre l'étude et la remise de l'offre. Écarté : offre 6 % au-dessus du moins-disant.
DV-202606-004,2026-06-23,Syndicat des eaux Veyle-Ain,Réhabilitation lourde,69,1363.2,2090299.89,gagné,9.1,"menuiserie, bois, placo","Marché à procédure adaptée (MAPA). Réhabilitation lourde de 1363 m² pour Syndicat des eaux Veyle-Ain. Devis sécurisé par un accord-cadre fournisseur sur le PVC. Retenu après négociation, remise commerciale de 2 %."
DV-202606-096,2026-06-25,Conseil départemental de l'Ain,Toiture / couverture,01,603.0,74610.49,gagné,10.4,"cuivre, isolant, bois",Consultation restreinte. Toiture / couverture de 603 m² pour Conseil départemental de l'Ain. Délais d'approvisionnement du bois annoncés à 8 semaines. Marché attribué : meilleur délai d'exécution proposé.
DV-202606-073,2026-06-26,OPH de l'Ain,Réhabilitation lourde,73,2300.7,3358377.66,gagné,3.6,"PVC, isolant, menuiserie",Marché à procédure adaptée (MAPA). Réhabilitation lourde de 2301 m² pour OPH de l'Ain. Devis sécurisé par un accord-cadre fournisseur sur la menuiserie. Marché attribué : meilleur délai d'exécution proposé.
DV-202607-072,2026-07-05,Coopérative agricole de Bresse,Génie civil,69,715.8,1536862.87,perdu,8.5,"béton, acier",Marché à procédure adaptée (MAPA). Génie civil de 716 m² pour Coopérative agricole de Bresse. Délais d'approvisionnement de l'acier annoncés à 8 semaines. Écarté : offre 6 % au-dessus du moins-disant.
DV-202607-066,2026-07-06,Conseil départemental de l'Ain,Extension / surélévation,38,160.2,296559.6,gagné,11.0,"bois, acier, placo","Consultation restreinte. Extension / surélévation de 160 m² pour Conseil départemental de l'Ain. Délais d'approvisionnement du bois annoncés à 8 semaines. Offre retenue, mieux-disante sur le critère technique."
DV-202607-058,2026-07-14,Lycée du Bugey,Toiture / couverture,74,1558.0,231736.79,gagné,7.7,"isolant, bois, cuivre",Consultation restreinte. Toiture / couverture de 1558 m² pour Lycée du Bugey. Clause de révision de prix indexée sur l'isolant. Marché attribué : meilleur délai d'exécution proposé.
DV-202607-125,2026-07-14,Lycée du Bugey,Toiture / couverture,01,903.7,126071.52,perdu,11.6,"isolant, bois, cuivre",Demande de devis directe du client. Toiture / couverture de 904 m² pour Lycée du Bugey. Délais d'approvisionnement du bois annoncés à 8 semaines. Écarté : offre 6 % au-dessus du moins-disant.
DV-202607-046,2026-07-16,Coopérative agricole de Bresse,Génie civil,74,385.0,758080.43,gagné,9.0,"béton, acier","Marché à procédure adaptée (MAPA). Génie civil de 385 m² pour Coopérative agricole de Bresse. Devis sécurisé par un accord-cadre fournisseur sur l'acier. Retenu après négociation, remise commerciale de 2 %."
DV-202607-030,2026-07-18,Lycée du Bugey,Bâtiment tertiaire,69,439.5,730163.49,gagné,9.8,"isolant, béton, acier","Demande de devis directe du client. Bâtiment tertiaire de 440 m² pour Lycée du Bugey. Clause de révision de prix indexée sur l'isolant. Retenu malgré un prix 3 % au-dessus du moins-disant, grâce aux références."
DV-202608-048,2026-08-25,Foncière Léman,Génie civil,69,402.5,950619.63,perdu,10.2,"acier, béton","Marché négocié après appel d'offres infructueux. Génie civil de 402 m² pour Foncière Léman. Prix de l'acier revu à la hausse entre l'étude et la remise de l'offre. Offre non conforme sur un lot, dossier rejeté."
DV-202608-025,2026-08-27,Hôtel des Dombes,Bâtiment tertiaire,38,1490.3,3415022.09,gagné,5.1,"verre, béton, acier","Demande de devis directe du client. Bâtiment tertiaire de 1490 m² pour Hôtel des Dombes. Prix de l'isolant revu à la hausse entre l'étude et la remise de l'offre. Retenu malgré un prix 3 % au-dessus du moins-disant, grâce aux références."
